,Location,subdomain,technology,Main_Domain_Server_Response
0,"C=BE, O=GlobalSign nv-sa, CN=GlobalSign CloudSSL CA - SHA256 - G3",status.shopify.com,"['HTTP/3', 'HSTS', 'React', 'Cloudflare Network Error Logging', 'Cloudflare']",
1,"C=US, O=DigiCert Inc, OU=www.digicert.com, CN=DigiCert SHA2 High Assurance Server CA",b.ssl.shopify.com,['Cloudflare'],
3,"C=US, O=DigiCert Inc, OU=www.digicert.com, CN=DigiCert High Assurance CA-3",ssl.shopify.com,"['Cloudflare Network Error Logging', 'HTTP/3', 'Cloudflare', 'Shopify']",
4,"C=US, O=DigiCert Inc, OU=www.digicert.com, CN=DigiCert High Assurance CA-3",cdn.shopify.com,"['Cloudflare Network Error Logging', 'HTTP/3', 'Cloudflare', 'HSTS']",
16,"C=US, O=Equifax, OU=Equifax Secure Certificate Authority",checkout.shopify.com,"['HTTP/3', 'HSTS', 'Cloudflare Network Error Logging', 'Cart Functionality', 'Cloudflare']",
21,"C=US, O=Let's Encrypt, CN=Let's Encrypt Authority X3",login.community-stage.shopify.com,"['HTTP/3', 'Ruby on Rails', 'HSTS', 'Stimulus', 'Cloudflare Network Error Logging', 'Cloudflare']",
23,"C=US, O=Let's Encrypt, CN=Let's Encrypt Authority X3",datastories-staging.shopify.com,"['Java', 'Nginx', 'HSTS']",
25,"C=US, O=Let's Encrypt, CN=Let's Encrypt Authority X3",adaywithshopify.shopify.com,['HSTS'],
25,"C=US, O=Let's Encrypt, CN=Let's Encrypt Authority X3",adws.shopify.com,['HSTS'],
25,"C=US, O=Let's Encrypt, CN=Let's Encrypt Authority X3",pursuit.shopify.com,['HSTS'],
25,"C=US, O=Let's Encrypt, CN=Let's Encrypt Authority X3",sessions.shopify.com,"['Varnish', 'Datadome', 'Nginx', 'HSTS']",
25,"C=US, O=Let's Encrypt, CN=Let's Encrypt Authority X3",shopclass.shopify.com,"['Varnish', 'Datadome', 'Nginx', 'HSTS']",
25,"C=US, O=Let's Encrypt, CN=Let's Encrypt Authority X3",unite.shopify.com,"['HTTP/3', 'HSTS', 'Google Font API', 'Cloudflare Network Error Logging', 'Cloudflare']",
27,"C=US, O=Let's Encrypt, CN=Let's Encrypt Authority X3",developer.shopify.com,"['HTTP/3', 'HSTS', 'Google Font API', 'Cloudflare Network Error Logging', 'Cloudflare']",
29,"C=US, O=Let's Encrypt, CN=Let's Encrypt Authority X3",datastories.shopify.com,['HSTS'],
31,"C=US, O=Let's Encrypt, CN=Let's Encrypt Authority X3",tableau.data.shopify.com,"['Java', 'Nginx', 'HSTS']",
33,"C=US, O=Let's Encrypt, CN=Let's Encrypt Authority X3",plusinfo.shopify.com,"['Cloudflare Network Error Logging', 'HTTP/3', 'Cloudflare', 'HSTS']",
35,"C=US, O=Let's Encrypt, CN=Let's Encrypt Authority X3",newsroom.shopify.com,"['HTTP/3', 'Google Tag Manager', 'HSTS', 'Varnish', 'Sentry', 'Cloudflare']",
37,"C=US, O=Let's Encrypt, CN=Let's Encrypt Authority X3",hardware.shopify.com,"['HTTP/3', 'Cloudflare']",
39,"C=US, O=Let's Encrypt, CN=Let's Encrypt Authority X3",wholesale.shopify.com,"['Alpine.js', 'Google Tag Manager', 'HSTS', 'Netlify']",
41,"C=US, O=Let's Encrypt, CN=Let's Encrypt Authority X3",tableau-staging.data.shopify.com,"['Java', 'Nginx', 'HSTS']",
43,"C=US, O=Let's Encrypt, CN=Let's Encrypt Authority X3",upcoming8.shopify.com,"['HSTS', 'Basic']",
45,"C=US, O=Let's Encrypt, CN=Let's Encrypt Authority X3",upcoming7.shopify.com,"['HSTS', 'Basic']",
47,"C=US, O=Let's Encrypt, CN=Let's Encrypt Authority X3",upcoming9.shopify.com,"['Java', 'Nginx', 'HSTS']",
49,"C=US, O=Let's Encrypt, CN=Let's Encrypt Authority X3",upcoming2.shopify.com,"['Java', 'Nginx', 'HSTS']",
50,"C=US, O=Let's Encrypt, CN=Let's Encrypt Authority X3",upcoming3.shopify.com,"['HSTS', 'Basic']",
53,"C=US, O=Let's Encrypt, CN=Let's Encrypt Authority X3",upcoming6.shopify.com,"['Java', 'Nginx', 'HSTS']",
55,"C=US, O=Let's Encrypt, CN=Let's Encrypt Authority X3",upcoming4.shopify.com,"['Java', 'Nginx', 'HSTS']",
57,"C=US, O=Let's Encrypt, CN=Let's Encrypt Authority X3",upcoming10.shopify.com,"['Java', 'Nginx', 'HSTS']",
58,"C=US, O=Let's Encrypt, CN=Let's Encrypt Authority X3",upcoming.shopify.com,"['Java', 'Nginx', 'HSTS']",
61,"C=US, O=Let's Encrypt, CN=Let's Encrypt Authority X3",exchange-help.shopify.com,"['Shopify', 'HTTP/3', 'HSTS', 'Amazon S3', 'Cloudflare Network Error Logging', 'Cloudflare']",
61,"C=US, O=Let's Encrypt, CN=Let's Encrypt Authority X3",exchange.shopify.com,"['Shopify', 'HTTP/3', 'HSTS', 'Amazon S3', 'Cloudflare Network Error Logging', 'Cloudflare']",
61,"C=US, O=Let's Encrypt, CN=Let's Encrypt Authority X3",exchange.shopify.com.au,"['Shopify', 'HTTP/3', 'HSTS', 'Amazon S3', 'Cloudflare Network Error Logging', 'Cloudflare']",
61,"C=US, O=Let's Encrypt, CN=Let's Encrypt Authority X3",exchange.shopify.com.mx,"['Shopify', 'HTTP/3', 'HSTS', 'Amazon S3', 'Cloudflare Network Error Logging', 'Cloudflare']",
61,"C=US, O=Let's Encrypt, CN=Let's Encrypt Authority X3",exchange.shopify.com.sg,"['Shopify', 'HTTP/3', 'HSTS', 'Amazon S3', 'Cloudflare Network Error Logging', 'Cloudflare']",
61,"C=US, O=Let's Encrypt, CN=Let's Encrypt Authority X3",www.exchange.shopify.com,"['Shopify', 'HTTP/3', 'HSTS', 'Amazon S3', 'Cloudflare Network Error Logging', 'Cloudflare']",
63,"C=US, O=Let's Encrypt, CN=Let's Encrypt Authority X3",upcoming5.shopify.com,"['Java', 'Nginx', 'HSTS']",
65,"C=US, O=Let's Encrypt, CN=Let's Encrypt Authority X3",slapshot.shopify.com,"['Cloudflare Network Error Logging', 'HTTP/3', 'Cloudflare', 'Shopify']",
67,"C=US, O=Let's Encrypt, CN=Let's Encrypt Authority X3",api.shopify.com,"['HTTP/3', 'HSTS', 'Google Font API', 'Cloudflare Network Error Logging', 'Cloudflare']",
67,"C=US, O=Let's Encrypt, CN=Let's Encrypt Authority X3",developers.shopify.com,"['HTTP/3', 'HSTS', 'Google Font API', 'Cloudflare Network Error Logging', 'Cloudflare']",
67,"C=US, O=Let's Encrypt, CN=Let's Encrypt Authority X3",dev.shopify.com,"['HTTP/3', 'HSTS', 'Google Font API', 'Cloudflare Network Error Logging', 'Cloudflare']",
67,"C=US, O=Let's Encrypt, CN=Let's Encrypt Authority X3",devs.shopify.com,"['HTTP/3', 'HSTS', 'Google Font API', 'Cloudflare Network Error Logging', 'Cloudflare']",
69,"C=US, O=Let's Encrypt, CN=Let's Encrypt Authority X3",v.shopify.com,"['Cloudflare Network Error Logging', 'HTTP/3', 'Cloudflare', 'Shopify']",
73,"C=US, O=Let's Encrypt, CN=Let's Encrypt Authority X3",v-ca.shopify.com,Not Reachable,
75,"C=US, O=Let's Encrypt, CN=Let's Encrypt Authority X3",news.shopify.com,"['HTTP/3', 'Google Tag Manager', 'HSTS', 'Varnish', 'Sentry', 'Cloudflare']",
77,"C=US, O=Let's Encrypt, CN=Let's Encrypt Authority X3",redirectify.shopify.com,"['Shopify', 'HTTP/3', 'Express', 'HSTS', 'Cloudflare Network Error Logging', 'Cloudflare']",
79,"C=US, O=Let's Encrypt, CN=Let's Encrypt Authority X3",ipad-pos.shopify.com,"['Shopify', 'HTTP/3', 'Express', 'HSTS', 'Cloudflare Network Error Logging', 'Cloudflare']",
81,"C=US, O=Let's Encrypt, CN=Let's Encrypt Authority X3",facebook.shopify.com,"['Shopify', 'HTTP/3', 'Express', 'HSTS', 'Cloudflare Network Error Logging', 'Cloudflare']",
83,"C=US, O=Let's Encrypt, CN=Let's Encrypt Authority X3",amazon.shopify.com,"['Shopify', 'HTTP/3', 'Express', 'HSTS', 'Cloudflare Network Error Logging', 'Cloudflare']",
85,"C=US, O=Let's Encrypt, CN=Let's Encrypt Authority X3",polaris-rails.shopify.com,"['Shopify', 'HTTP/3', 'HSTS', 'Cloudflare Network Error Logging', 'Cloudflare']",
87,"C=US, O=Let's Encrypt, CN=Let's Encrypt Authority X3",launchpad.shopify.com,"['Cloudflare Network Error Logging', 'HTTP/3', 'Cloudflare', 'Shopify']",
89,"C=US, O=Let's Encrypt, CN=Let's Encrypt Authority X3",tashboard.shopify.com,"['Shopify', 'HTTP/3', 'HSTS', 'Google Font API', 'Cloudflare Network Error Logging', 'Cloudflare']",
91,"C=US, O=Let's Encrypt, CN=Let's Encrypt Authority X3",auth.data.shopify.com,Not Reachable,
93,"C=US, O=Let's Encrypt, CN=Let's Encrypt Authority X3",investor.shopify.com,"['Microsoft ASP.NET', 'Cloudflare', 'HSTS']",
95,"C=US, O=Let's Encrypt, CN=Let's Encrypt Authority X3",expert.shopify.com,"['HTTP/3', 'Ruby on Rails', 'HSTS', 'Cloudflare Network Error Logging', 'Cloudflare']",
97,"C=US, O=Let's Encrypt, CN=Let's Encrypt Authority X3",bcs.shopify.com,"['Shopify', 'HTTP/3', 'Font Awesome', 'YouTube', 'HSTS', 'Cloudflare Network Error Logging', 'Cloudflare']",
99,"C=US, O=Let's Encrypt, CN=Let's Encrypt Authority X3",incoming.shopify.com,['HSTS'],
101,"C=US, O=Let's Encrypt, CN=Let's Encrypt Authority X3",unionstation.shopify.com,"['Shopify', 'HTTP/3', 'Express', 'HSTS', 'Cloudflare Network Error Logging', 'Cloudflare']",
103,"C=US, O=Let's Encrypt, CN=Let's Encrypt Authority X3",market.shopify.com,"['Shopify', 'HTTP/3', 'Express', 'HSTS', 'Cloudflare Network Error Logging', 'Cloudflare']",
105,"C=US, O=Let's Encrypt, CN=Let's Encrypt Authority X3",talent.shopify.com,"['HTTP/3', 'Ruby on Rails', 'HSTS', 'Cloudflare Network Error Logging', 'Cloudflare']",
107,"C=US, O=Let's Encrypt, CN=Let's Encrypt Authority X3",win.shopify.com,"['Shopify', 'HTTP/3', 'Express', 'YouTube', 'HSTS', 'Cloudflare Network Error Logging', 'Cloudflare', 'Gravatar']",
109,"C=US, O=Let's Encrypt, CN=Let's Encrypt Authority X3",fund.shopify.com,"['Shopify', 'HTTP/3', 'Express', 'HSTS', 'Cloudflare Network Error Logging', 'Cloudflare']",
110,"C=US, O=Let's Encrypt, CN=Let's Encrypt Authority X3",partner.shopify.com,"['Shopify', 'HTTP/3', 'Express', 'HSTS', 'Cloudflare Network Error Logging', 'Cloudflare']",
113,"C=US, O=Let's Encrypt, CN=Let's Encrypt Authority X3",vision.shopify.com,"['Shopify', 'HTTP/3', 'Express', 'HSTS', 'Cloudflare Network Error Logging', 'Cloudflare']",
115,"C=US, O=Let's Encrypt, CN=Let's Encrypt Authority X3",contest.shopify.com,"['Shopify', 'HTTP/3', 'Express', 'YouTube', 'HSTS', 'Cloudflare Network Error Logging', 'Cloudflare', 'Gravatar']",
117,"C=US, O=Let's Encrypt, CN=Let's Encrypt Authority X3",ww.shopify.com,"['Shopify', 'HTTP/3', 'Express', 'HSTS', 'Cloudflare Network Error Logging', 'Cloudflare']",
119,"C=US, O=Let's Encrypt, CN=Let's Encrypt Authority X3",meetup.shopify.com,"['Varnish', 'Datadome', 'Nginx', 'HSTS']",
121,"C=US, O=Let's Encrypt, CN=Let's Encrypt Authority X3",press.shopify.com,"['HTTP/3', 'Google Tag Manager', 'HSTS', 'Varnish', 'Sentry', 'Cloudflare']",
123,"C=US, O=Let's Encrypt, CN=Let's Encrypt Authority X3",commerceawards.shopify.com,"['Shopify', 'HTTP/3', 'Express', 'YouTube', 'HSTS', 'Cloudflare Network Error Logging', 'Cloudflare']",
124,"C=US, O=Let's Encrypt, CN=Let's Encrypt Authority X3",blog.shopify.com,"['Shopify', 'HTTP/3', 'Express', 'HSTS', 'Cloudflare Network Error Logging', 'Cloudflare']",
127,"C=US, O=Let's Encrypt, CN=Let's Encrypt Authority X3",amazon-ads.shopify.com,"['Shopify', 'HTTP/3', 'Express', 'HSTS', 'Cloudflare Network Error Logging', 'Cloudflare']",
129,"C=US, O=Let's Encrypt, CN=Let's Encrypt Authority X3",babb-academy.shopify.com,"['Shopify', 'HTTP/3', 'Express', 'HSTS', 'Cloudflare Network Error Logging', 'Cloudflare']",
131,"C=US, O=Let's Encrypt, CN=Let's Encrypt Authority X3",ir.shopify.com,"['Microsoft ASP.NET', 'Cloudflare', 'HSTS']",
133,"C=US, O=Let's Encrypt, CN=Let's Encrypt Authority X3",marketplace.shopify.com,"['Shopify', 'HTTP/3', 'Express', 'HSTS', 'Cloudflare Network Error Logging', 'Cloudflare']",
134,"C=US, O=Let's Encrypt, CN=Let's Encrypt Authority X3",hi.shopify.com,"['Shopify', 'HTTP/3', 'Express', 'HSTS', 'Cloudflare Network Error Logging', 'Cloudflare']",
137,"C=US, O=Let's Encrypt, CN=Let's Encrypt Authority X3",m.shopify.com,"['Shopify', 'HTTP/3', 'Express', 'HSTS', 'Cloudflare Network Error Logging', 'Cloudflare']",
139,"C=US, O=Let's Encrypt, CN=Let's Encrypt Authority X3",brochure.shopify.com,"['Shopify', 'HTTP/3', 'Express', 'HSTS', 'Cloudflare Network Error Logging', 'Cloudflare']",
140,"C=US, O=Let's Encrypt, CN=Let's Encrypt Authority X3",timber.shopify.com,"['GitHub Pages', 'HSTS', 'Amazon S3']",
143,"C=US, O=Let's Encrypt, CN=Let's Encrypt Authority X3",rndsummit.shopify.com,"['Java', 'Nginx', 'HSTS']",
145,"C=US, O=Let's Encrypt, CN=Let's Encrypt Authority X3",plus.shopify.com,"['Cloudflare Network Error Logging', 'HTTP/3', 'Cloudflare', 'HSTS']",
147,"C=US, O=Let's Encrypt, CN=Let's Encrypt Authority X3",next.shopify.com,"['Shopify', 'HTTP/3', 'Express', 'HSTS', 'Cloudflare Network Error Logging', 'Cloudflare']",
149,"C=US, O=Let's Encrypt, CN=Let's Encrypt Authority X3",in.shopify.com,"['Shopify', 'HTTP/3', 'Express', 'HSTS', 'Cloudflare Network Error Logging', 'Cloudflare']",
151,"C=US, O=Let's Encrypt, CN=Let's Encrypt Authority X3",careers.shopify.com,"['Shopify', 'HTTP/3', 'Express', 'HSTS', 'Cloudflare Network Error Logging', 'Cloudflare']",
153,"C=US, O=Let's Encrypt, CN=Let's Encrypt Authority X3",merch.shopify.com,"['Shopify', 'HTTP/3', 'HSTS', 'Cloudflare Network Error Logging', 'Cloudflare']",
155,"C=US, O=Let's Encrypt, CN=Let's Encrypt Authority X3",gauntlet.shopify.com,"['Shopify', 'HTTP/3', 'HSTS', 'Cloudflare Network Error Logging', 'Cloudflare']",
157,"C=US, O=Let's Encrypt, CN=Let's Encrypt Authority X3",merchandise.shopify.com,"['Shopify', 'HTTP/3', 'HSTS', 'Cloudflare Network Error Logging', 'Cloudflare']",
159,"C=US, O=Let's Encrypt, CN=Let's Encrypt Authority X3",hatchful.shopify.com,"['HTTP/3', 'HSTS', 'React', 'Cloudflare Network Error Logging', 'Cloudflare']",
161,"C=US, O=Let's Encrypt, CN=Let's Encrypt Authority X3",cdn2.shopify.com,"['Cloudflare Network Error Logging', 'HTTP/3', 'Cloudflare', 'HSTS']",
169,"C=US, O=Let's Encrypt, CN=Let's Encrypt Authority X3",experiments.shopify.com,"['Java', 'Nginx', 'HSTS']",
171,"C=US, O=Let's Encrypt, CN=Let's Encrypt Authority X3",interviewing.shopify.com,"['Cloudflare Network Error Logging', 'HTTP/3', 'Cloudflare', 'Shopify']",
173,"C=US, O=Let's Encrypt, CN=Let's Encrypt Authority X3",events.shopify.com,"['Varnish', 'Datadome', 'Nginx', 'HSTS']",
175,"C=US, O=Let's Encrypt, CN=Let's Encrypt Authority X3",data.shopify.com,"['Java', 'Nginx', 'HSTS']",
177,"C=US, O=Let's Encrypt, CN=Let's Encrypt Authority X3",cardreader.shopify.com,"['Cloudflare Network Error Logging', 'HTTP/3', 'Cloudflare', 'Shopify']",
179,"C=US, O=Let's Encrypt, CN=Let's Encrypt Authority X3",fr.shopify.com,"['Shopify', 'HTTP/3', 'Express', 'HSTS', 'Cloudflare Network Error Logging', 'Cloudflare']",
180,"C=US, O=Let's Encrypt, CN=Let's Encrypt Authority X3",www.shopify.com,"['Shopify', 'HTTP/3', 'Express', 'HSTS', 'Cloudflare Network Error Logging', 'Cloudflare']",
183,"C=US, O=Let's Encrypt, CN=Let's Encrypt Authority X3",pt.shopify.com,"['Shopify', 'HTTP/3', 'Express', 'HSTS', 'Cloudflare Network Error Logging', 'Cloudflare']",
185,"C=US, O=Let's Encrypt, CN=Let's Encrypt Authority X3",shopify.com,"['Shopify', 'HTTP/3', 'Express', 'HSTS', 'Cloudflare Network Error Logging', 'Cloudflare']",API Count Limited
187,"C=US, O=Let's Encrypt, CN=Let's Encrypt Authority X3",ru.shopify.com,"['Shopify', 'HTTP/3', 'Express', 'HSTS', 'Cloudflare Network Error Logging', 'Cloudflare']",
189,"C=US, O=Let's Encrypt, CN=Let's Encrypt Authority X3",it.shopify.com,"['Shopify', 'HTTP/3', 'Express', 'HSTS', 'Cloudflare Network Error Logging', 'Cloudflare']",
191,"C=US, O=Let's Encrypt, CN=Let's Encrypt Authority X3",es.shopify.com,"['Shopify', 'HTTP/3', 'Express', 'HSTS', 'Cloudflare Network Error Logging', 'Cloudflare']",
193,"C=US, O=Let's Encrypt, CN=Let's Encrypt Authority X3",projectruru.shopify.com,"['Shopify', 'HTTP/3', 'HSTS', 'Cloudflare Network Error Logging', 'Cloudflare']",
195,"C=US, O=Let's Encrypt, CN=Let's Encrypt Authority X3",engineering.shopify.com,"['Shopify', 'HSTS']",
197,"C=US, O=Let's Encrypt, CN=Let's Encrypt Authority X3",acceleration.shopify.com,"['HTTP/3', 'Ruby on Rails', 'HSTS', 'Cloudflare Network Error Logging', 'Cloudflare']",
199,"C=US, O=Let's Encrypt, CN=Let's Encrypt Authority X3",analytics.shopify.com,"['Cloudflare Network Error Logging', 'HTTP/3', 'Cloudflare', 'HSTS']",
203,"C=US, O=Let's Encrypt, CN=Let's Encrypt Authority X3",launch.shopify.com,"['Cloudflare Network Error Logging', 'HTTP/3', 'Cloudflare', 'Shopify']",
205,"C=US, O=Let's Encrypt, CN=Let's Encrypt Authority X3",overseer.data.shopify.com,Not Reachable,
207,"C=US, O=Let's Encrypt, CN=Let's Encrypt Authority X3",upcoming14.shopify.com,"['HSTS', 'Basic']",
209,"C=US, O=Let's Encrypt, CN=Let's Encrypt Authority X3",upcoming17.shopify.com,"['Java', 'Nginx', 'HSTS']",
211,"C=US, O=Let's Encrypt, CN=Let's Encrypt Authority X3",upcoming16.shopify.com,"['Java', 'Nginx', 'HSTS']",
212,"C=US, O=Let's Encrypt, CN=Let's Encrypt Authority X3",upcoming20.shopify.com,"['Java', 'Nginx', 'HSTS']",
215,"C=US, O=Let's Encrypt, CN=Let's Encrypt Authority X3",upcoming11.shopify.com,"['Java', 'Nginx', 'HSTS']",
216,"C=US, O=Let's Encrypt, CN=Let's Encrypt Authority X3",upcoming15.shopify.com,"['Java', 'Nginx', 'HSTS']",
219,"C=US, O=Let's Encrypt, CN=Let's Encrypt Authority X3",upcoming18.shopify.com,"['Java', 'Nginx', 'HSTS']",
221,"C=US, O=Let's Encrypt, CN=Let's Encrypt Authority X3",upcoming19.shopify.com,"['Java', 'Nginx', 'HSTS']",
223,"C=US, O=Let's Encrypt, CN=Let's Encrypt Authority X3",upcoming12.shopify.com,"['Java', 'Nginx', 'HSTS']",
225,"C=US, O=Let's Encrypt, CN=Let's Encrypt Authority X3",upcoming13.shopify.com,"['HSTS', 'Basic']",
227,"C=US, O=Let's Encrypt, CN=Let's Encrypt Authority X3",apps.shopify.com,"['Shopify', 'HTTP/3', 'Ruby on Rails', 'HSTS', 'Cloudflare Network Error Logging', 'Cloudflare']",
229,"C=US, O=Let's Encrypt, CN=Let's Encrypt Authority X3",cla.shopify.com,"['Ruby on Rails', 'HSTS']",
231,"C=US, O=Let's Encrypt, CN=Let's Encrypt Authority X3",localsession.shopify.com,"['Cloudflare Network Error Logging', 'HTTP/3', 'Cloudflare', 'Shopify']",
233,"C=US, O=Let's Encrypt, CN=Let's Encrypt Authority X3",changelog.shopify.com,"['HTTP/3', 'Ruby on Rails', 'HSTS', 'Cloudflare Network Error Logging', 'Cloudflare']",
235,"C=US, O=Let's Encrypt, CN=Let's Encrypt Authority X3",merchant-feedback.shopify.com,"['Cloudflare Network Error Logging', 'HTTP/3', 'Cloudflare', 'Shopify']",
237,"C=US, O=Let's Encrypt, CN=Let's Encrypt Authority X3",la.shopify.com,"['Google Tag Manager', 'Next.js', 'HSTS', 'React', 'Vercel']",
239,"C=US, O=Let's Encrypt, CN=Let's Encrypt Authority X3",discover.data.shopify.com,Not Reachable,
241,"C=US, O=Let's Encrypt, CN=Let's Encrypt Authority X3",canada.analytics.shopify.com,['HSTS'],
243,"C=US, O=Let's Encrypt, CN=Let's Encrypt Authority X3",core.shopify.com,"['Cloudflare Network Error Logging', 'HTTP/3', 'Cloudflare', 'Shopify']",
245,"C=US, O=Let's Encrypt, CN=Let's Encrypt Authority X3",sourcing.shopify.com,['HSTS'],
247,"C=US, O=Let's Encrypt, CN=Let's Encrypt Authority X3",sourcing-admin.shopify.com,"['Cloudflare Network Error Logging', 'HTTP/3', 'Cloudflare', 'HSTS']",
249,"C=US, O=Let's Encrypt, CN=Let's Encrypt Authority X3",sourcing-supplier.shopify.com,['HSTS'],
253,"C=US, O=Let's Encrypt, CN=Let's Encrypt Authority X3",sourcing-core.shopify.com,['HSTS'],
255,"C=US, O=Let's Encrypt, CN=Let's Encrypt Authority X3",store.shopify.com,"['HTTP/3', 'Cloudflare']",
257,"C=US, O=Let's Encrypt, CN=Let's Encrypt Authority X3",stockroom.shopify.com,"['Shopify', 'HTTP/3', 'Express', 'HSTS', 'Cloudflare Network Error Logging', 'Cloudflare']",
263,"C=US, O=Let's Encrypt, CN=Let's Encrypt Authority X3",photos.shopify.com,"['Cloudflare Bot Management', 'Cloudflare']",
269,"C=US, O=Let's Encrypt, CN=Let's Encrypt Authority X3",classifieds.shopify.com,"['Ruby on Rails', 'HSTS']",
271,"C=US, O=Let's Encrypt, CN=Let's Encrypt Authority X3",polaris-icons.shopify.com,"['HTTP/3', 'Next.js', 'HSTS', 'React', 'Cloudflare Network Error Logging', 'Cloudflare']",
273,"C=US, O=Let's Encrypt, CN=Let's Encrypt Authority X3",polaris.shopify.com,"['HTTP/3', 'Next.js', 'HSTS', 'React', 'Cloudflare Network Error Logging', 'Cloudflare']",
275,"C=US, O=Let's Encrypt, CN=Let's Encrypt Authority X3",crafted.shopify.com,"['Shopify', 'HTTP/3', 'HSTS', 'Google Font API', 'Cloudflare Network Error Logging', 'Cloudflare']",
277,"C=US, O=Let's Encrypt, CN=Let's Encrypt Authority X3",meetups.shopify.com,"['Varnish', 'Datadome', 'Nginx', 'HSTS']",
283,"C=US, O=Let's Encrypt, CN=Let's Encrypt Authority X3",supporthiring.shopify.com,"['Shopify', 'HTTP/3', 'HSTS', 'Google Font API', 'Cloudflare Network Error Logging', 'Cloudflare']",
297,"C=US, O=Let's Encrypt, CN=Let's Encrypt Authority X3",budget.shopify.com,"['Cloudflare Network Error Logging', 'HTTP/3', 'Cloudflare', 'Shopify']",
299,"C=US, O=Let's Encrypt, CN=Let's Encrypt Authority X3",search.shopify.com,"['Shopify', 'HTTP/3', 'Express', 'HSTS', 'Cloudflare Network Error Logging', 'Cloudflare']",
301,"C=US, O=Let's Encrypt, CN=Let's Encrypt Authority X3",supportapp.shopify.com,"['HTTP/3', 'HSTS', 'React', 'Cloudflare Network Error Logging', 'Cloudflare']",
301,"C=US, O=Let's Encrypt, CN=Let's Encrypt Authority X3",support.shopify.com,"['HTTP/3', 'HSTS', 'React', 'Cloudflare Network Error Logging', 'Cloudflare']",
303,"C=US, O=Let's Encrypt, CN=Let's Encrypt Authority X3",mobile.shopify.com,"['Shopify', 'HTTP/3', 'Express', 'HSTS', 'Cloudflare Network Error Logging', 'Cloudflare']",
307,"C=US, O=Let's Encrypt, CN=Let's Encrypt Authority X3",chat.shopify.com,"['HTTP/3', 'HSTS', 'React', 'Cloudflare Network Error Logging', 'Cloudflare']",
307,"C=US, O=Let's Encrypt, CN=Let's Encrypt Authority X3",livechat.shopify.com,"['HTTP/3', 'HSTS', 'React', 'Cloudflare Network Error Logging', 'Cloudflare']",
363,"C=US, O=Let's Encrypt, CN=Let's Encrypt Authority X3",unitestore.shopify.com,"['Shopify', 'HTTP/3', 'HSTS', 'Google Font API', 'Cloudflare Network Error Logging', 'Cloudflare']",
365,"C=US, O=Let's Encrypt, CN=Let's Encrypt Authority X3",pay.shopify.com,"['HTTP/3', 'Ruby on Rails', 'hCaptcha', 'HSTS', 'Cloudflare Network Error Logging', 'Cloudflare']",
365,"C=US, O=Let's Encrypt, CN=Let's Encrypt Authority X3",remember-me.shopify.com,"['Cloudflare Network Error Logging', 'HTTP/3', 'Cloudflare', 'Shopify']",
367,"C=US, O=Let's Encrypt, CN=Let's Encrypt Authority X3",qr.shopify.com,"['Cloudflare Network Error Logging', 'HTTP/3', 'Cloudflare', 'HSTS']",
369,"C=US, O=Let's Encrypt, CN=Let's Encrypt Authority X3",www.burst.shopify.com,"['HTTP/3', 'Ruby on Rails', 'HSTS', 'Cloudflare Network Error Logging', 'Cloudflare']",
371,"C=US, O=Let's Encrypt, CN=Let's Encrypt Authority X3",burst.shopify.com,"['HTTP/3', 'Ruby on Rails', 'HSTS', 'Cloudflare Network Error Logging', 'Cloudflare']",
373,"C=US, O=Let's Encrypt, CN=Let's Encrypt Authority X3",accounts.shopify.com,"['HTTP/3', 'Ruby on Rails', 'HSTS', 'Stimulus', 'Cloudflare Network Error Logging', 'Cloudflare']",
375,"C=US, O=Let's Encrypt, CN=Let's Encrypt Authority X3",contracts.shopify.com,"['Cloudflare Network Error Logging', 'HTTP/3', 'Cloudflare', 'Shopify']",
377,"C=US, O=Let's Encrypt, CN=Let's Encrypt Authority X3",pointofsale.shopify.com,"['Shopify', 'HTTP/3', 'Express', 'HSTS', 'Cloudflare Network Error Logging', 'Cloudflare']",
379,"C=US, O=Let's Encrypt, CN=Let's Encrypt Authority X3",themes.shopify.com,"['Shopify', 'HTTP/3', 'Google Tag Manager', 'Ruby on Rails', 'HSTS', 'Cloudflare Network Error Logging', 'Cloudflare']",
381,"C=US, O=Let's Encrypt, CN=Let's Encrypt Authority X3",portal.shopify.com,"['Shopify', 'HTTP/3', 'HSTS', 'Cloudflare Network Error Logging', 'Cloudflare']",
383,"C=US, O=Let's Encrypt, CN=Let's Encrypt Authority X3",app-store-staging.shopify.com,['HSTS'],
385,"C=US, O=Let's Encrypt, CN=Let's Encrypt Authority X3",people-analytics.data.shopify.com,"['Google QUIC', 'HTTP/3', 'HSTS', 'OpenGSE']",
387,"C=US, O=Let's Encrypt, CN=Let's Encrypt Authority X3",experts.shopify.com,"['HTTP/3', 'Ruby on Rails', 'HSTS', 'Cloudflare Network Error Logging', 'Cloudflare']",
387,"C=US, O=Let's Encrypt, CN=Let's Encrypt Authority X3",partners.shopify.com,"['Shopify', 'HTTP/3', 'Express', 'HSTS', 'Cloudflare Network Error Logging', 'Cloudflare']",
387,"C=US, O=Let's Encrypt, CN=Let's Encrypt Authority X3",services.shopify.com,"['HTTP/3', 'Ruby on Rails', 'HSTS', 'Cloudflare Network Error Logging', 'Cloudflare']",
389,"C=US, O=Let's Encrypt, CN=Let's Encrypt Authority X3",commerceplus.shopify.com,"['HTTP/3', 'Next.js', 'HSTS', 'Cloudflare Network Error Logging', 'Cloudflare']",
391,"C=US, O=Let's Encrypt, CN=Let's Encrypt Authority X3",beta.help.shopify.com,"['HTTP/3', 'Ruby on Rails', 'HSTS', 'Cloudflare Network Error Logging', 'Cloudflare']",
391,"C=US, O=Let's Encrypt, CN=Let's Encrypt Authority X3",docs.shopify.com,"['HTTP/3', 'Ruby on Rails', 'HSTS', 'Cloudflare Network Error Logging', 'Cloudflare']",
391,"C=US, O=Let's Encrypt, CN=Let's Encrypt Authority X3",help.shopify.com,"['HTTP/3', 'Ruby on Rails', 'HSTS', 'Cloudflare Network Error Logging', 'Cloudflare']",
391,"C=US, O=Let's Encrypt, CN=Let's Encrypt Authority X3",newhelp.shopify.com,"['HTTP/3', 'Ruby on Rails', 'HSTS', 'Cloudflare Network Error Logging', 'Cloudflare']",
391,"C=US, O=Let's Encrypt, CN=Let's Encrypt Authority X3",pin.shopify.com,"['HTTP/3', 'Ruby on Rails', 'HSTS', 'Cloudflare Network Error Logging', 'Cloudflare']",
391,"C=US, O=Let's Encrypt, CN=Let's Encrypt Authority X3",pins.shopify.com,"['HTTP/3', 'Ruby on Rails', 'HSTS', 'Cloudflare Network Error Logging', 'Cloudflare']",
391,"C=US, O=Let's Encrypt, CN=Let's Encrypt Authority X3",wiki.shopify.com,"['HTTP/3', 'Ruby on Rails', 'HSTS', 'Cloudflare Network Error Logging', 'Cloudflare']",
393,"C=US, O=Let's Encrypt, CN=Let's Encrypt Authority X3",consultant-launch.shopify.com,"['Shopify', 'HTTP/3', 'HSTS', 'Cloudflare Network Error Logging', 'Cloudflare']",
394,"C=US, O=Let's Encrypt, CN=Let's Encrypt Authority X3",intern-launch.shopify.com,"['Shopify', 'HTTP/3', 'HSTS', 'Cloudflare Network Error Logging', 'Cloudflare']",
397,"C=US, O=Let's Encrypt, CN=Let's Encrypt Authority X3",sl.shopify.com,['HSTS'],
399,"C=US, O=Let's Encrypt, CN=Let's Encrypt Authority X3",polaris-storybook.shopify.com,"['Cloudflare Network Error Logging', 'HTTP/3', 'Cloudflare', 'Shopify']",
401,"C=US, O=Let's Encrypt, CN=Let's Encrypt Authority X3",unicorn.shopify.com,"['Java', 'Nginx', 'HSTS']",
401,"C=US, O=Let's Encrypt, CN=Let's Encrypt Authority X3",vault.shopify.com,"['Java', 'Nginx', 'HSTS']",
403,"C=US, O=Let's Encrypt, CN=Let's Encrypt Authority X3",presto.data.shopify.com,['HSTS'],
405,"C=US, O=Let's Encrypt, CN=Let's Encrypt Authority X3",ecommerce.shopify.com,"['Shopify', 'HTTP/3', 'Express', 'HSTS', 'Cloudflare Network Error Logging', 'Cloudflare']",
405,"C=US, O=Let's Encrypt, CN=Let's Encrypt Authority X3",forums.shopify.com,"['Apache', 'Amazon Cloudfront', 'HSTS', 'Amazon ALB', 'Lithium']",
405,"C=US, O=Let's Encrypt, CN=Let's Encrypt Authority X3",login.community.shopify.com,"['HTTP/3', 'Ruby on Rails', 'HSTS', 'Stimulus', 'Cloudflare Network Error Logging', 'Cloudflare']",
407,"C=US, O=Let's Encrypt, CN=Let's Encrypt Authority X3",smiley.shopify.com,"['HTTP/3', 'Ruby on Rails', 'HSTS', 'Cloudflare Network Error Logging', 'Cloudflare']",
409,"C=US, O=Let's Encrypt, CN=Let's Encrypt Authority X3",180.shopify.com,"['Shopify', 'HTTP/3', 'HSTS', 'Google Font API', 'Cloudflare Network Error Logging', 'Cloudflare']",
411,"C=US, O=Let's Encrypt, CN=Let's Encrypt Authority X3",beastmodeabusiness.shopify.com,"['Shopify', 'HTTP/3', 'HSTS', 'Cloudflare Network Error Logging', 'Cloudflare']",
557,"C=US, O=Let's Encrypt, CN=Let's Encrypt Authority X3",shop.shopify.com,"['Cloudflare Network Error Logging', 'HTTP/3', 'Cloudflare', 'Shopify']",
1099,"C=US, O=Let's Encrypt, CN=Let's Encrypt Authority X3",newsletter.shopify.com,"['Cloudflare Network Error Logging', 'HTTP/3', 'Cloudflare', 'Shopify']",
1123,"C=US, O=Let's Encrypt, CN=Let's Encrypt Authority X3",open.shopify.com,"['Cloudflare Network Error Logging', 'HTTP/3', 'Cloudflare', 'Shopify']",
1125,"C=US, ST=CA, L=San Francisco, O=""CloudFlare, Inc."", CN=CloudFlare Inc ECC CA-2",c.email.plus.shopify.com,"['Cloudflare Bot Management', 'Cloudflare']",
1128,"C=US, O=Let's Encrypt, CN=Let's Encrypt Authority X3",canada.shopify.com,"['Cloudflare Network Error Logging', 'HTTP/3', 'Cloudflare', 'Shopify']",
1156,"C=US, O=DigiCert Inc, OU=www.digicert.com, CN=DigiCert SHA2 High Assurance Server CA",community-stage.shopify.com,"['Apache', 'Amazon Cloudfront', 'HSTS', 'Basic', 'Amazon ALB']",
1179,"C=US, O=Amazon, OU=Server CA 1B, CN=Amazon",unite-registration.shopify.com,"['Cloudflare Network Error Logging', 'HTTP/3', 'Cloudflare', 'Shopify']",
1226,"C=US, ST=CA, L=San Francisco, O=""CloudFlare, Inc."", CN=CloudFlare Inc ECC CA-2",app.shopify.com,"['Shopify', 'HTTP/3', 'Ruby on Rails', 'HSTS', 'Cloudflare Network Error Logging', 'Cloudflare']",
1544,"C=GB, ST=Greater Manchester, L=Salford, O=Sectigo Limited, CN=Sectigo RSA Domain Validation Secure Server CA",ux.shopify.com,"['Envoy', 'OpenResty', 'Algolia', 'Medium', 'PayPal']",
1544,"C=GB, ST=Greater Manchester, L=Salford, O=Sectigo Limited, CN=Sectigo RSA Domain Validation Secure Server CA",www.ux.shopify.com,Not Reachable,
1605,"C=US, O=DigiCert Inc, OU=www.digicert.com, CN=DigiCert SHA2 High Assurance Server CA",rb.shopify.com,Not Reachable,
1620,"C=US, ST=CA, L=San Francisco, O=""CloudFlare, Inc."", CN=CloudFlare Inc ECC CA-2",bogdan.shopify.com,"['Cloudflare Network Error Logging', 'HTTP/3', 'Cloudflare', 'Shopify']",
1730,"C=US, ST=CA, L=San Francisco, O=""CloudFlare, Inc."", CN=CloudFlare Inc ECC CA-2",enterprise.plus.shopify.com,"['Cloudflare Network Error Logging', 'HTTP/3', 'Cloudflare', 'HSTS']",
1893,"C=US, O=Let's Encrypt, CN=Let's Encrypt Authority X3",polaris-v2.shopify.com,"['Cloudflare Network Error Logging', 'HTTP/3', 'Cloudflare', 'Shopify']",
2147,"C=US, O=DigiCert Inc, OU=www.digicert.com, CN=DigiCert SHA2 Extended Validation Server CA",br.shopify.com,"['Cloudflare Network Error Logging', 'HTTP/3', 'Cloudflare', 'Shopify']",
2147,"C=US, O=DigiCert Inc, OU=www.digicert.com, CN=DigiCert SHA2 Extended Validation Server CA",shopify.com.au,"['Shopify', 'HTTP/3', 'Express', 'HSTS', 'Cloudflare Network Error Logging', 'Cloudflare']",
2147,"C=US, O=DigiCert Inc, OU=www.digicert.com, CN=DigiCert SHA2 Extended Validation Server CA",shopify.com.cn,"['HTTP/3', 'Express', 'HSTS', 'Cloudflare Network Error Logging', 'Cloudflare']",
2147,"C=US, O=DigiCert Inc, OU=www.digicert.com, CN=DigiCert SHA2 Extended Validation Server CA",shopify.com.co,"['Shopify', 'HTTP/3', 'Express', 'HSTS', 'Cloudflare Network Error Logging', 'Cloudflare']",
2147,"C=US, O=DigiCert Inc, OU=www.digicert.com, CN=DigiCert SHA2 Extended Validation Server CA",shopify.com.hk,"['Shopify', 'HTTP/3', 'Express', 'HSTS', 'Cloudflare Network Error Logging', 'Cloudflare']",
2147,"C=US, O=DigiCert Inc, OU=www.digicert.com, CN=DigiCert SHA2 Extended Validation Server CA",shopify.com.mx,"['Shopify', 'HTTP/3', 'Express', 'HSTS', 'Cloudflare Network Error Logging', 'Cloudflare']",
2147,"C=US, O=DigiCert Inc, OU=www.digicert.com, CN=DigiCert SHA2 Extended Validation Server CA",shopify.com.ng,"['Shopify', 'HTTP/3', 'Express', 'HSTS', 'Cloudflare Network Error Logging', 'Cloudflare']",
2147,"C=US, O=DigiCert Inc, OU=www.digicert.com, CN=DigiCert SHA2 Extended Validation Server CA",shopify.com.ph,"['Shopify', 'HTTP/3', 'Express', 'HSTS', 'Cloudflare Network Error Logging', 'Cloudflare']",
2147,"C=US, O=DigiCert Inc, OU=www.digicert.com, CN=DigiCert SHA2 Extended Validation Server CA",shopify.com.sg,"['Cloudflare Network Error Logging', 'HTTP/3', 'Cloudflare', 'HSTS']",
2147,"C=US, O=DigiCert Inc, OU=www.digicert.com, CN=DigiCert SHA2 Extended Validation Server CA",www.shopify.com.au,"['Shopify', 'HTTP/3', 'Express', 'HSTS', 'Cloudflare Network Error Logging', 'Cloudflare']",
2147,"C=US, O=DigiCert Inc, OU=www.digicert.com, CN=DigiCert SHA2 Extended Validation Server CA",www.shopify.com.cn,"['Shopify', 'HTTP/3', 'Express', 'HSTS', 'Cloudflare Network Error Logging', 'Cloudflare']",
2147,"C=US, O=DigiCert Inc, OU=www.digicert.com, CN=DigiCert SHA2 Extended Validation Server CA",www.shopify.com.co,"['Shopify', 'HTTP/3', 'Express', 'HSTS', 'Cloudflare Network Error Logging', 'Cloudflare']",
2147,"C=US, O=DigiCert Inc, OU=www.digicert.com, CN=DigiCert SHA2 Extended Validation Server CA",www.shopify.com.hk,"['Shopify', 'HTTP/3', 'Express', 'HSTS', 'Cloudflare Network Error Logging', 'Cloudflare']",
2147,"C=US, O=DigiCert Inc, OU=www.digicert.com, CN=DigiCert SHA2 Extended Validation Server CA",www.shopify.com.mx,"['Shopify', 'HTTP/3', 'Express', 'HSTS', 'Cloudflare Network Error Logging', 'Cloudflare']",
2147,"C=US, O=DigiCert Inc, OU=www.digicert.com, CN=DigiCert SHA2 Extended Validation Server CA",www.shopify.com.ng,"['Shopify', 'HTTP/3', 'Express', 'HSTS', 'Cloudflare Network Error Logging', 'Cloudflare']",
2147,"C=US, O=DigiCert Inc, OU=www.digicert.com, CN=DigiCert SHA2 Extended Validation Server CA",www.shopify.com.ph,"['Shopify', 'HTTP/3', 'Express', 'HSTS', 'Cloudflare Network Error Logging', 'Cloudflare']",
2147,"C=US, O=DigiCert Inc, OU=www.digicert.com, CN=DigiCert SHA2 Extended Validation Server CA",www.shopify.com.sg,"['Shopify', 'HTTP/3', 'Express', 'HSTS', 'Cloudflare Network Error Logging', 'Cloudflare']",
2187,"C=US, O=DigiCert Inc, OU=www.digicert.com, CN=DigiCert SHA2 High Assurance Server CA",cselb.cs.shopify.com,Not Reachable,
2187,"C=US, O=DigiCert Inc, OU=www.digicert.com, CN=DigiCert SHA2 High Assurance Server CA",us-east-1-cselb.cs.shopify.com,Not Reachable,
2187,"C=US, O=DigiCert Inc, OU=www.digicert.com, CN=DigiCert SHA2 High Assurance Server CA",us-west-2-cselb.cs.shopify.com,Not Reachable,
2245,"C=US, O=Let's Encrypt, CN=Let's Encrypt Authority X3",security.shopify.com,"['Cloudflare Network Error Logging', 'HTTP/3', 'Cloudflare', 'Shopify']",
2247,"C=US, O=DigiCert Inc, CN=DigiCert SHA2 Secure Server CA",site.email.shopify.com,[],
2264,"C=US, O=Let's Encrypt, CN=Let's Encrypt Authority X3",tableau-dev.data.shopify.com,Not Reachable,
2269,"C=US, O=Let's Encrypt, CN=Let's Encrypt Authority X3",jackistesting.shopify.com,"['Cloudflare Network Error Logging', 'HTTP/3', 'Cloudflare', 'Shopify']",
2279,"C=US, O=Let's Encrypt, CN=Let's Encrypt Authority X3",tim-exclusive.shopify.com,"['Cloudflare Network Error Logging', 'HTTP/3', 'Cloudflare', 'Shopify']",
2289,"C=US, O=DigiCert Inc, OU=www.digicert.com, CN=DigiCert SHA2 High Assurance Server CA",investors.shopify.com,"['Microsoft ASP.NET', 'Cloudflare', 'HSTS']",
2452,"C=US, O=DigiCert Inc, CN=DigiCert SHA2 Secure Server CA",image.email.shopify.com,['Akamai Bot Manager'],
2499,"C=US, O=DigiCert Inc, CN=DigiCert SHA2 Secure Server CA",view.email.shopify.com,[],
2518,"C=US, O=DigiCert Inc, CN=DigiCert SHA2 Secure Server CA",click.email.shopify.com,[],
2627,"C=GB, ST=Greater Manchester, L=Salford, O=COMODO CA Limited, CN=COMODO RSA Domain Validation Secure Server CA",partner-training.shopify.com,"['HTTP/3', 'Ruby on Rails', 'HSTS', 'Stimulus', 'Cloudflare Network Error Logging', 'Cloudflare']",
2627,"C=GB, ST=Greater Manchester, L=Salford, O=COMODO CA Limited, CN=COMODO RSA Domain Validation Secure Server CA",www.partner-training.shopify.com,Not Reachable,
2666,"C=GB, ST=Greater Manchester, L=Salford, O=COMODO CA Limited, CN=COMODO RSA Domain Validation Secure Server CA",academy.shopify.com,"['HTTP/3', 'HSTS', 'React', 'Cloudflare Network Error Logging', 'Cloudflare']",
2666,"C=GB, ST=Greater Manchester, L=Salford, O=COMODO CA Limited, CN=COMODO RSA Domain Validation Secure Server CA",www.academy.shopify.com,Not Reachable,
2690,"C=BE, O=GlobalSign nv-sa, CN=GlobalSign CloudSSL CA - SHA256 - G3",dk.shopify.com,"['Cloudflare Network Error Logging', 'HTTP/3', 'Cloudflare', 'Shopify']",
2723,"C=BE, O=GlobalSign nv-sa, CN=AlphaSSL CA - SHA256 - G2",summit2018.shopify.com,"['Cloudflare Network Error Logging', 'HTTP/3', 'Cloudflare', 'Shopify']",
2736,"C=US, O=Let's Encrypt, CN=Let's Encrypt Authority X3",competition.shopify.com,"['Cloudflare Network Error Logging', 'HTTP/3', 'Cloudflare', 'Shopify']",
2741,"C=US, O=Let's Encrypt, CN=Let's Encrypt Authority X3",exchange-staging.shopify.com,"['Cloudflare Network Error Logging', 'HTTP/3', 'Cloudflare', 'Shopify']",
2755,"C=US, O=DigiCert Inc, OU=www.digicert.com, CN=DigiCert SHA2 High Assurance Server CA",cs.staging.shopify.com,['Cloudflare'],
2867,"C=US, O=DigiCert Inc, OU=www.digicert.com, CN=DigiCert SHA2 High Assurance Server CA",wholesale.shopify.com.au,"['Alpine.js', 'Google Tag Manager', 'HSTS', 'Netlify']",
2867,"C=US, O=DigiCert Inc, OU=www.digicert.com, CN=DigiCert SHA2 High Assurance Server CA",wholesale.shopify.com.ng,"['Alpine.js', 'Google Tag Manager', 'HSTS', 'Netlify']",
2867,"C=US, O=DigiCert Inc, OU=www.digicert.com, CN=DigiCert SHA2 High Assurance Server CA",wholesale.shopify.com.ph,Not Reachable,
2867,"C=US, O=DigiCert Inc, OU=www.digicert.com, CN=DigiCert SHA2 High Assurance Server CA",wholesale.shopify.com.sg,"['Alpine.js', 'Google Tag Manager', 'HSTS', 'Netlify']",
2906,"C=US, O=Let's Encrypt, CN=Let's Encrypt Authority X3",hiringtour.shopify.com,"['Cloudflare Network Error Logging', 'HTTP/3', 'Cloudflare', 'Shopify']",
2942,"C=US, O=Let's Encrypt, CN=Let's Encrypt Authority X3",funny.shopify.com,"['Cloudflare Network Error Logging', 'HTTP/3', 'Cloudflare', 'Shopify']",
2953,"C=US, O=DigiCert Inc, OU=www.digicert.com, CN=DigiCert SHA2 High Assurance Server CA",community.shopify.com,"['Apache', 'Amazon Cloudfront', 'HSTS', 'Amazon ALB', 'Lithium']",
3029,"C=US, O=DigiCert Inc, OU=www.digicert.com, CN=DigiCert SHA2 High Assurance Server CA",s.ssl.shopify.com,['Cloudflare'],
3030,"C=US, O=DigiCert Inc, OU=www.digicert.com, CN=DigiCert SHA2 High Assurance Server CA",r.ssl.shopify.com,['Cloudflare'],
3031,"C=US, O=DigiCert Inc, OU=www.digicert.com, CN=DigiCert SHA2 High Assurance Server CA",q.ssl.shopify.com,['Cloudflare'],
3032,"C=US, O=DigiCert Inc, OU=www.digicert.com, CN=DigiCert SHA2 High Assurance Server CA",j.ssl.shopify.com,['Cloudflare'],
3034,"C=US, O=DigiCert Inc, OU=www.digicert.com, CN=DigiCert SHA2 High Assurance Server CA",i.ssl.shopify.com,['Cloudflare'],
3036,"C=US, O=DigiCert Inc, OU=www.digicert.com, CN=DigiCert SHA2 High Assurance Server CA",p.ssl.shopify.com,['Cloudflare'],
3039,"C=US, O=DigiCert Inc, OU=www.digicert.com, CN=DigiCert SHA2 High Assurance Server CA",o.ssl.shopify.com,['Cloudflare'],
3076,"C=US, O=DigiCert Inc, OU=www.digicert.com, CN=DigiCert SHA2 High Assurance Server CA",console1.mgmt.toronto.shopify.com,Not Reachable,
3076,"C=US, O=DigiCert Inc, OU=www.digicert.com, CN=DigiCert SHA2 High Assurance Server CA",console1.toronto.shopify.com,Not Reachable,
3076,"C=US, O=DigiCert Inc, OU=www.digicert.com, CN=DigiCert SHA2 High Assurance Server CA",oob.toronto.shopify.com,Not Reachable,
3076,"C=US, O=DigiCert Inc, OU=www.digicert.com, CN=DigiCert SHA2 High Assurance Server CA",toronto.shopify.com,Not Reachable,
3220,"C=US, O=Let's Encrypt, CN=Let's Encrypt Authority X3",eurotour.shopify.com,"['Cloudflare Network Error Logging', 'HTTP/3', 'Cloudflare', 'Shopify']",
3221,"C=US, O=Let's Encrypt, CN=Let's Encrypt Authority X3",galway.shopify.com,"['Cloudflare Network Error Logging', 'HTTP/3', 'Cloudflare', 'Shopify']",
3309,"C=US, O=Let's Encrypt, CN=Let's Encrypt Authority X3",david.shopify.com,"['Cloudflare Network Error Logging', 'HTTP/3', 'Cloudflare', 'Shopify']",
3328,"C=US, O=Let's Encrypt, CN=Let's Encrypt Authority X3",q2.shopify.com,"['Cloudflare Network Error Logging', 'HTTP/3', 'Cloudflare', 'Shopify']",
3835,"C=US, O=DigiCert Inc, OU=www.digicert.com, CN=DigiCert SHA2 High Assurance Server CA",c.ssl.shopify.com,['Cloudflare'],
3893,"C=US, O=Let's Encrypt, CN=Let's Encrypt Authority X3",dwellinghaven.shopify.com,"['Cloudflare Network Error Logging', 'HTTP/3', 'Cloudflare', 'Shopify']",
3922,"C=US, O=DigiCert Inc, OU=www.digicert.com, CN=DigiCert SHA2 High Assurance Server CA",l.ssl.shopify.com,['Cloudflare'],
3941,"C=US, O=Let's Encrypt, CN=Let's Encrypt Authority X3",damian-znc.ec2.shopify.com,['Cloudflare'],
3978,"C=US, O=Let's Encrypt, CN=Let's Encrypt Authority X3",sound-pro-tech.shopify.com,"['Cloudflare Network Error Logging', 'HTTP/3', 'Cloudflare', 'Shopify']",
4040,"C=US, O=Let's Encrypt, CN=Let's Encrypt Authority X3",doggocorp.shopify.com,"['Cloudflare Network Error Logging', 'HTTP/3', 'Cloudflare', 'Shopify']",
4041,"C=US, O=Let's Encrypt, CN=Let's Encrypt Authority X3",kafka-staging01.ec2.shopify.com,['Cloudflare'],
4054,"C=US, O=DigiCert Inc, OU=www.digicert.com, CN=DigiCert SHA2 High Assurance Server CA",scroll.shopify.com,"['Cloudflare Network Error Logging', 'HTTP/3', 'Cloudflare', 'Shopify']",
4054,"C=US, O=DigiCert Inc, OU=www.digicert.com, CN=DigiCert SHA2 High Assurance Server CA",thescroll.shopify.com,"['Cloudflare Network Error Logging', 'HTTP/3', 'Cloudflare', 'Shopify']",
4147,"C=US, O=DigiCert Inc, OU=www.digicert.com, CN=DigiCert High Assurance CA-3",cs.shopify.com,Not Reachable,
4164,"C=US, O=DigiCert Inc, OU=www.digicert.com, CN=DigiCert High Assurance CA-3",authme.shopify.com,"['Cloudflare Network Error Logging', 'HTTP/3', 'Cloudflare', 'Shopify']",
4165,"C=US, O=DigiCert Inc, OU=www.digicert.com, CN=DigiCert High Assurance CA-3",nexus.shopify.com,"['Cloudflare Network Error Logging', 'HTTP/3', 'Cloudflare', 'Shopify']",
4179,"C=US, O=Let's Encrypt, CN=Let's Encrypt Authority X3",arb.shopify.com,"['Cloudflare Network Error Logging', 'HTTP/3', 'Cloudflare', 'Shopify']",
4182,"C=US, O=DigiCert Inc, OU=www.digicert.com, CN=DigiCert SHA2 High Assurance Server CA",k.ssl.shopify.com,['Cloudflare'],
4198,"C=US, O=Let's Encrypt, CN=Let's Encrypt Authority X3",somethingorother.shopify.com,"['Cloudflare Network Error Logging', 'HTTP/3', 'Cloudflare', 'Shopify']",
4204,"C=US, O=DigiCert Inc, OU=www.digicert.com, CN=DigiCert SHA2 High Assurance Server CA",h.ssl.shopify.com,['Cloudflare'],
4324,"C=US, O=Let's Encrypt, CN=Let's Encrypt Authority X3",boukeisdope.shopify.com,"['Cloudflare Network Error Logging', 'HTTP/3', 'Cloudflare', 'Shopify']",
4360,"C=US, O=Let's Encrypt, CN=Let's Encrypt Authority X3",kevin-testing.ec2.shopify.com,['Cloudflare'],
4377,"C=US, O=DigiCert Inc, OU=www.digicert.com, CN=DigiCert SHA2 High Assurance Server CA",e.ssl.shopify.com,['Cloudflare'],
4385,"C=BE, O=GlobalSign nv-sa, CN=GlobalSign Domain Validation CA - SHA256 - G3",internalhardwarerental.shopify.com,"['Cloudflare Network Error Logging', 'HTTP/3', 'Cloudflare', 'Shopify']",
4390,"C=US, O=Let's Encrypt, CN=Let's Encrypt Authority X3",kiersten.shopify.com,"['Cloudflare Network Error Logging', 'HTTP/3', 'Cloudflare', 'Shopify']",
4391,"C=US, O=Let's Encrypt, CN=Let's Encrypt Authority X3",khanbot.shopify.com,"['Cloudflare Network Error Logging', 'HTTP/3', 'Cloudflare', 'Shopify']",
4395,"C=US, O=Let's Encrypt, CN=Let's Encrypt Authority X3",locality.shopify.com,"['Cloudflare Network Error Logging', 'HTTP/3', 'Cloudflare', 'Shopify']",
4396,"C=US, O=Let's Encrypt, CN=Let's Encrypt Authority X3",sunwd.shopify.com,"['Cloudflare Network Error Logging', 'HTTP/3', 'Cloudflare', 'Shopify']",
4397,"C=US, O=Let's Encrypt, CN=Let's Encrypt Authority X3",store.smarter-tv.shopify.com,['Cloudflare'],
4400,"C=US, O=Let's Encrypt, CN=Let's Encrypt Authority X3",gurulandia.shopify.com,"['Cloudflare Network Error Logging', 'HTTP/3', 'Cloudflare', 'Shopify']",
4401,"C=US, O=Let's Encrypt, CN=Let's Encrypt Authority X3",tmt.shopify.com,"['Cloudflare Network Error Logging', 'HTTP/3', 'Cloudflare', 'Shopify']",
4402,"C=US, O=Let's Encrypt, CN=Let's Encrypt Authority X3",shane.shopify.com,"['Cloudflare Network Error Logging', 'HTTP/3', 'Cloudflare', 'Shopify']",
4403,"C=US, O=Let's Encrypt, CN=Let's Encrypt Authority X3",catherineisawesome.shopify.com,"['Cloudflare Network Error Logging', 'HTTP/3', 'Cloudflare', 'Shopify']",
4404,"C=US, O=Let's Encrypt, CN=Let's Encrypt Authority X3",flexcatherine.shopify.com,"['Cloudflare Network Error Logging', 'HTTP/3', 'Cloudflare', 'Shopify']",
4405,"C=US, O=Let's Encrypt, CN=Let's Encrypt Authority X3",shanestest.shopify.com,"['Cloudflare Network Error Logging', 'HTTP/3', 'Cloudflare', 'Shopify']",
4407,"C=US, O=Let's Encrypt, CN=Let's Encrypt Authority X3",3littlemaids.shopify.com,"['Cloudflare Network Error Logging', 'HTTP/3', 'Cloudflare', 'Shopify']",
4408,"C=US, O=Let's Encrypt, CN=Let's Encrypt Authority X3",shanetoole.shopify.com,"['Cloudflare Network Error Logging', 'HTTP/3', 'Cloudflare', 'Shopify']",
4409,"C=US, O=Let's Encrypt, CN=Let's Encrypt Authority X3",catherinefivepillars.shopify.com,"['Cloudflare Network Error Logging', 'HTTP/3', 'Cloudflare', 'Shopify']",
4410,"C=US, O=Let's Encrypt, CN=Let's Encrypt Authority X3",lifehacks.shopify.com,"['Cloudflare Network Error Logging', 'HTTP/3', 'Cloudflare', 'Shopify']",
4414,"C=US, O=DigiCert Inc, OU=www.digicert.com, CN=DigiCert SHA2 High Assurance Server CA",n.ssl.shopify.com,['Cloudflare'],
4415,"C=US, O=Let's Encrypt, CN=Let's Encrypt Authority X3",datura.shopify.com,"['Cloudflare Network Error Logging', 'HTTP/3', 'Cloudflare', 'Shopify']",
4416,"C=US, O=Let's Encrypt, CN=Let's Encrypt Authority X3",weareopen.shopify.com,"['Cloudflare Network Error Logging', 'HTTP/3', 'Cloudflare', 'Shopify']",
4417,"C=US, O=Let's Encrypt, CN=Let's Encrypt Authority X3",flwca.shopify.com,"['Cloudflare Network Error Logging', 'HTTP/3', 'Cloudflare', 'Shopify']",
4420,"C=US, O=Let's Encrypt, CN=Let's Encrypt Authority X3",ihatewhatever.shopify.com,"['Cloudflare Network Error Logging', 'HTTP/3', 'Cloudflare', 'Shopify']",
4428,"C=US, O=Let's Encrypt, CN=Let's Encrypt Authority X3",irl.shopify.com,"['Cloudflare Network Error Logging', 'HTTP/3', 'Cloudflare', 'Shopify']",
4430,"C=US, O=Let's Encrypt, CN=Let's Encrypt Authority X3",sugarpack.shopify.com,"['Cloudflare Network Error Logging', 'HTTP/3', 'Cloudflare', 'Shopify']",
4432,"C=US, O=Let's Encrypt, CN=Let's Encrypt Authority X3",ready4guruland.shopify.com,"['Cloudflare Network Error Logging', 'HTTP/3', 'Cloudflare', 'Shopify']",
4433,"C=US, O=Let's Encrypt, CN=Let's Encrypt Authority X3",colourdecoded.shopify.com,"['Cloudflare Network Error Logging', 'HTTP/3', 'Cloudflare', 'Shopify']",
4434,"C=US, O=Let's Encrypt, CN=Let's Encrypt Authority X3",catherineomc.shopify.com,"['Cloudflare Network Error Logging', 'HTTP/3', 'Cloudflare', 'Shopify']",
4435,"C=US, O=Let's Encrypt, CN=Let's Encrypt Authority X3",www.smarter-tv.shopify.com,['Cloudflare'],
4436,"C=US, O=Let's Encrypt, CN=Let's Encrypt Authority X3",sonr.shopify.com,"['Cloudflare Network Error Logging', 'HTTP/3', 'Cloudflare', 'Shopify']",
4437,"C=US, O=Let's Encrypt, CN=Let's Encrypt Authority X3",webinar-sept-30.shopify.com,"['Cloudflare Network Error Logging', 'HTTP/3', 'Cloudflare', 'Shopify']",
4438,"C=US, O=Let's Encrypt, CN=Let's Encrypt Authority X3",twominutetutorials.shopify.com,"['Cloudflare Network Error Logging', 'HTTP/3', 'Cloudflare', 'Shopify']",
4442,"C=US, O=Let's Encrypt, CN=Let's Encrypt Authority X3",designisfun.shopify.com,"['Cloudflare Network Error Logging', 'HTTP/3', 'Cloudflare', 'Shopify']",
4443,"C=US, O=Let's Encrypt, CN=Let's Encrypt Authority X3",afterhours.shopify.com,"['Cloudflare Network Error Logging', 'HTTP/3', 'Cloudflare', 'Shopify']",
4444,"C=US, O=Let's Encrypt, CN=Let's Encrypt Authority X3",daynext.shopify.com,"['Cloudflare Network Error Logging', 'HTTP/3', 'Cloudflare', 'Shopify']",
4446,"C=US, O=Let's Encrypt, CN=Let's Encrypt Authority X3",windsor.shopify.com,"['Cloudflare Network Error Logging', 'HTTP/3', 'Cloudflare', 'Shopify']",
4447,"C=US, O=Let's Encrypt, CN=Let's Encrypt Authority X3",aisling.shopify.com,"['Cloudflare Network Error Logging', 'HTTP/3', 'Cloudflare', 'Shopify']",
4448,"C=US, O=Let's Encrypt, CN=Let's Encrypt Authority X3",theluxurystore.shopify.com,"['Cloudflare Network Error Logging', 'HTTP/3', 'Cloudflare', 'Shopify']",
4449,"C=US, O=Let's Encrypt, CN=Let's Encrypt Authority X3",torontoretailtour.shopify.com,"['Cloudflare Network Error Logging', 'HTTP/3', 'Cloudflare', 'Shopify']",
4452,"C=US, O=Let's Encrypt, CN=Let's Encrypt Authority X3",shopify-plus-meet-up.shopify.com,"['Cloudflare Network Error Logging', 'HTTP/3', 'Cloudflare', 'Shopify']",
4453,"C=US, O=Let's Encrypt, CN=Let's Encrypt Authority X3",james-jockeys-goodness.shopify.com,"['Cloudflare Network Error Logging', 'HTTP/3', 'Cloudflare', 'Shopify']",
4455,"C=US, O=Let's Encrypt, CN=Let's Encrypt Authority X3",logs.shopify.com,"['Cloudflare Network Error Logging', 'HTTP/3', 'Cloudflare', 'Shopify']",
4480,"C=US, O=Let's Encrypt, CN=Let's Encrypt Authority X3",z.ssl.shopify.com,Not Reachable,
4491,"C=US, O=DigiCert Inc, OU=www.digicert.com, CN=DigiCert SHA2 High Assurance Server CA",g.ssl.shopify.com,['Cloudflare'],
4515,"C=US, O=DigiCert Inc, OU=www.digicert.com, CN=DigiCert SHA2 High Assurance Server CA",f.ssl.shopify.com,['Cloudflare'],
4518,"C=US, O=DigiCert Inc, OU=www.digicert.com, CN=DigiCert SHA2 High Assurance Server CA",m.ssl.shopify.com,['Cloudflare'],
4610,"C=US, O=DigiCert Inc, OU=www.digicert.com, CN=DigiCert SHA2 High Assurance Server CA",north.shopify.com,"['Cloudflare Network Error Logging', 'HTTP/3', 'Cloudflare', 'Shopify']",
4612,"C=US, O=DigiCert Inc, OU=www.digicert.com, CN=DigiCert SHA2 High Assurance Server CA",d.ssl.shopify.com,['Cloudflare'],
4982,"C=US, O=DigiCert Inc, OU=www.digicert.com, CN=DigiCert SHA2 High Assurance Server CA",research.shopify.com,"['Cloudflare Network Error Logging', 'HTTP/3', 'Cloudflare', 'Shopify']",
4992,"C=US, O=DigiCert Inc, OU=www.digicert.com, CN=DigiCert SHA2 High Assurance Server CA",recruiting2.shopify.com,"['Cloudflare Network Error Logging', 'HTTP/3', 'Cloudflare', 'Shopify']",
4992,"C=US, O=DigiCert Inc, OU=www.digicert.com, CN=DigiCert SHA2 High Assurance Server CA",recruiting.shopify.com,"['Cloudflare Network Error Logging', 'HTTP/3', 'Cloudflare', 'Shopify']",
5118,"C=US, O=DigiCert Inc, OU=www.digicert.com, CN=DigiCert High Assurance CA-3",projectboard.shopify.com,"['Cloudflare Network Error Logging', 'HTTP/3', 'Cloudflare', 'Shopify']",
5128,"C=US, O=DigiCert Inc, OU=www.digicert.com, CN=DigiCert SHA2 High Assurance Server CA",huboard.shopify.com,"['Cloudflare Network Error Logging', 'HTTP/3', 'Cloudflare', 'Shopify']",
5140,"C=US, O=DigiCert Inc, OU=www.digicert.com, CN=DigiCert High Assurance CA-3",webdav.shopify.com,"['Cloudflare Network Error Logging', 'HTTP/3', 'Cloudflare', 'Shopify']",
5143,"C=US, O=DigiCert Inc, OU=www.digicert.com, CN=DigiCert High Assurance CA-3",csp.shopify.com,"['Cloudflare Network Error Logging', 'HTTP/3', 'Cloudflare', 'Shopify']",
